City|State
CAR NICOBAR|ANDAMAN AND NICOBAR ISLANDS
MAYABUNDER|ANDAMAN AND NICOBAR ISLANDS
NICOBAR|ANDAMAN AND NICOBAR ISLANDS
NORTH AND MIDDLE ANDAMAN|ANDAMAN AND NICOBAR ISLANDS
PORT BLAIR|ANDAMAN AND NICOBAR ISLANDS
SOUTH ANDAMAN|ANDAMAN AND NICOBAR ISLANDS
ANDAMAN|ANDAMAN AND NICOBAR ISLANDS
ADILABAD|ANDHRA PRADESH
ADONI|ANDHRA PRADESH
AMALAPURAM|ANDHRA PRADESH
ANAKAPALLE|ANDHRA PRADESH
ANANTAPUR|ANDHRA PRADESH
BAPATLA|ANDHRA PRADESH
BELLAMPALLE|ANDHRA PRADESH
BHADRACHALAM|ANDHRA PRADESH
BHAINSA|ANDHRA PRADESH
BHEEMUNIPATNAM|ANDHRA PRADESH
BHIMAVARAM|ANDHRA PRADESH
BHONGIR|ANDHRA PRADESH
BOBBILI|ANDHRA PRADESH
BODHAN|ANDHRA PRADESH
CHILAKALURIPET|ANDHRA PRADESH
CHIRALA|ANDHRA PRADESH
CHITTOOR|ANDHRA PRADESH
DHARMAVARAM|ANDHRA PRADESH
EAST GODAVARI|ANDHRA PRADESH
ELURU|ANDHRA PRADESH
FAROOQNAGAR|ANDHRA PRADESH
GADWAL|ANDHRA PRADESH
GOOTY|ANDHRA PRADESH
GUDIVADA|ANDHRA PRADESH
GUDUR|ANDHRA PRADESH
GUNTAKAL|ANDHRA PRADESH
GUNTUR|ANDHRA PRADESH
HINDUPUR|ANDHRA PRADESH
HYDERABAD|ANDHRA PRADESH
JAGGAIAHPET|ANDHRA PRADESH
JAGTIAL|ANDHRA PRADESH
JAMMALAMADUGU|ANDHRA PRADESH
JANGAON|ANDHRA PRADESH
KADAPA|ANDHRA PRADESH
KADIRI|ANDHRA PRADESH
KAGAZNAGAR|ANDHRA PRADESH
KAKINADA|ANDHRA PRADESH
KAMAREDDY|ANDHRA PRADESH
KANDUKUR|ANDHRA PRADESH
KARIMNAGAR|ANDHRA PRADESH
KAVALI|ANDHRA PRADESH
KHAMMAM|ANDHRA PRADESH
KORATLA|ANDHRA PRADESH
KOTHAGUDEM|ANDHRA PRADESH
KOVVUR|ANDHRA PRADESH
KURNOOL|ANDHRA PRADESH
KYATHAMPALLE|ANDHRA PRADESH
MACHERLA|ANDHRA PRADESH
MACHILIPATNAM|ANDHRA PRADESH
MADANAPALLE|ANDHRA PRADESH
MAHBUBNAGAR|ANDHRA PRADESH
MANCHERIAL|ANDHRA PRADESH
MANDAMARRI|ANDHRA PRADESH
MANDAPETA|ANDHRA PRADESH
MANUGURU|ANDHRA PRADESH
MARKAPUR|ANDHRA PRADESH
MEDAK|ANDHRA PRADESH
MIRYALAGUDA|ANDHRA PRADESH
NAGARI|ANDHRA PRADESH
NAGARKURNOOL|ANDHRA PRADESH
NALGONDA|ANDHRA PRADESH
NANDYAL|ANDHRA PRADESH
NARASAPURAM|ANDHRA PRADESH
NARASARAOPET|ANDHRA PRADESH
NARAYANPET|ANDHRA PRADESH
NARSIPATNAM|ANDHRA PRADESH
NELLORE|ANDHRA PRADESH
NIDADAVOLE|ANDHRA PRADESH
NIRMAL|ANDHRA PRADESH
NIZAMABAD|ANDHRA PRADESH
NUZVID|ANDHRA PRADESH
ONGOLE|ANDHRA PRADESH
PALACOLE|ANDHRA PRADESH
PALASA KASIBUGGA|ANDHRA PRADESH
PALWANCHA|ANDHRA PRADESH
PARVATHIPURAM|ANDHRA PRADESH
PEDANA|ANDHRA PRADESH
PEDDAPURAM|ANDHRA PRADESH
PITHAPURAM|ANDHRA PRADESH
PONNUR|ANDHRA PRADESH
PRODDATUR|ANDHRA PRADESH
PUNGANUR|ANDHRA PRADESH
PUTTUR|ANDHRA PRADESH
RAJAHMUNDRY|ANDHRA PRADESH
RAJAM|ANDHRA PRADESH
RAJAMPET|ANDHRA PRADESH
RAMACHANDRAPURAM|ANDHRA PRADESH
RAMAGUNDAM|ANDHRA PRADESH
RANGA REDDY|ANDHRA PRADESH
RAYACHOTI|ANDHRA PRADESH
RAYADURG|ANDHRA PRADESH
RENIGUNTA|ANDHRA PRADESH
REPALLE|ANDHRA PRADESH
SADASIVPET|ANDHRA PRADESH
SALUR|ANDHRA PRADESH
SAMALKOT|ANDHRA PRADESH
SANGAREDDI|ANDHRA PRADESH
SANGAREDDY|ANDHRA PRADESH
SATTENAPALLE|ANDHRA PRADESH
SECUNDERABAD|ANDHRA PRADESH
SIDDIPET|ANDHRA PRADESH
SIRCILLA|ANDHRA PRADESH
SRIKAKULAM|ANDHRA PRADESH
SRIKALAHASTI|ANDHRA PRADESH
SRISAILAM PROJECT (RIGHT FLANK COLONY) TOWNSHIP|ANDHRA PRADESH
SULLURPETA|ANDHRA PRADESH
SURYAPET|ANDHRA PRADESH
TADEPALLIGUDEM|ANDHRA PRADESH
TADPATRI|ANDHRA PRADESH
TANDUR|ANDHRA PRADESH
TANUKU|ANDHRA PRADESH
TENALI|ANDHRA PRADESH
TIRUPATI|ANDHRA PRADESH
TIRUVURU|ANDHRA PRADESH
TUNI|ANDHRA PRADESH
URAVAKONDA|ANDHRA PRADESH
VENKATAGIRI|ANDHRA PRADESH
VIJAYAWADA|ANDHRA PRADESH
VIKARABAD|ANDHRA PRADESH
VINUKONDA|ANDHRA PRADESH
VISAKHAPATNAM|ANDHRA PRADESH
VISHAKHAPATNAM|ANDHRA PRADESH
VIZIANAGARAM|ANDHRA PRADESH
WANAPARTHY|ANDHRA PRADESH
WARANGAL|ANDHRA PRADESH
WEST GODAVARI|ANDHRA PRADESH
YELLANDU|ANDHRA PRADESH
YEMMIGANUR|ANDHRA PRADESH
YERRAGUNTLA|ANDHRA PRADESH
ALONG|ARUNACHAL PRADESH
ANINI|ARUNACHAL PRADESH
ANJAW|ARUNACHAL PRADESH
BOMDILA|ARUNACHAL PRADESH
CHANGLANG|ARUNACHAL PRADESH
DAPORIJO|ARUNACHAL PRADESH
DIBANG VALLEY|ARUNACHAL PRADESH
EAST KAMENG|ARUNACHAL PRADESH
EAST SIANG|ARUNACHAL PRADESH
HAWAI|ARUNACHAL PRADESH
KHONSA|ARUNACHAL PRADESH
KOLORIANG|ARUNACHAL PRADESH
KURUNG KUMEY|ARUNACHAL PRADESH
LOHIT|ARUNACHAL PRADESH
LOWER DIBANG VALLEY|ARUNACHAL PRADESH
LOWER SUBANSIRI|ARUNACHAL PRADESH
NAHARLAGUN|ARUNACHAL PRADESH
PAPUM PARE|ARUNACHAL PRADESH
PASIGHAT|ARUNACHAL PRADESH
SEPPA|ARUNACHAL PRADESH
TAWANG|ARUNACHAL PRADESH
TAWANG TOWN|ARUNACHAL PRADESH
TEZU|ARUNACHAL PRADESH
TIRAP|ARUNACHAL PRADESH
UPPER SIANG|ARUNACHAL PRADESH
UPPER SUBANSIRI|ARUNACHAL PRADESH
WEST KAMENG|ARUNACHAL PRADESH
WEST SIANG|ARUNACHAL PRADESH
YINGKIONG|ARUNACHAL PRADESH
YUPIA|ARUNACHAL PRADESH
ZIRO|ARUNACHAL PRADESH
BAKSA|ASSAM
BARPETA|ASSAM
BONGAIGAON|ASSAM
BONGAIGAON CITY|ASSAM
CACHAR|ASSAM
CHIRANG|ASSAM
DARRANG|ASSAM
DHEMAJI|ASSAM
DHUBRI|ASSAM
DIBRUGARH|ASSAM
DIMA HASAO|ASSAM
DIPHU|ASSAM
GOALPARA|ASSAM
GOLAGHAT|ASSAM
GOROIMARI|ASSAM
GUWAHATI|ASSAM
HAFLONG|ASSAM
HAILAKANDI|ASSAM
JORHAT|ASSAM
KAJALGAON|ASSAM
KAMRUP|ASSAM
KAMRUP METROPOLITAN|ASSAM
KARBI ANGLONG|ASSAM
KARIMGANJ|ASSAM
KOKRAJHAR|ASSAM
LAKHIMPUR|ASSAM
LANKA|ASSAM
LUMDING|ASSAM
MANGALDOI|ASSAM
MANKACHAR|ASSAM
MARGHERITA|ASSAM
MARIANI|ASSAM
MARIGAON|ASSAM
MORIGAON|ASSAM
MUSHALPUR|ASSAM
NAGAON|ASSAM
NALBARI|ASSAM
NORTH LAKHIMPUR|ASSAM
RANGIA|ASSAM
SIBSAGAR|ASSAM
SILAPATHAR|ASSAM
SILCHAR|ASSAM
SIVASAGAR|ASSAM
SONITPUR|ASSAM
TEZPUR|ASSAM
TINSUKIA|ASSAM
UDALGURI|ASSAM
ARARIA|BIHAR
ARRAH|BIHAR
ARWAL|BIHAR
ASARGANJ|BIHAR
AURANGABAD|BIHAR
BAGAHA|BIHAR
BARH|BIHAR
BEGUSARAI|BIHAR
BETTIAH|BIHAR
BHABUA|BIHAR
BHAGALPUR|BIHAR
BUXAR|BIHAR
DARBHANGA|BIHAR
DEHRI-ON-SONE|BIHAR
DUMRAON|BIHAR
FORBESGANJ|BIHAR
GAYA|BIHAR
GOPALGANJ|BIHAR
HAJIPUR|BIHAR
JAMALPUR|BIHAR
JAMUI|BIHAR
JEHANABAD|BIHAR
KATIHAR|BIHAR
KHAGARIA|BIHAR
KISHANGANJ|BIHAR
LAKHISARAI|BIHAR
LALGANJ|BIHAR
MADHEPURA|BIHAR
MADHUBANI|BIHAR
MAHARAJGANJ|BIHAR
MAHNAR BAZAR|BIHAR
MAKHDUMPUR|BIHAR
MANER|BIHAR
MANIHARI|BIHAR
MARHAURA|BIHAR
MASAURHI|BIHAR
MIRGANJ|BIHAR
MOKAMEH|BIHAR
MOTIHARI|BIHAR
MOTIPUR|BIHAR
MUNGER|BIHAR
MURLIGANJ|BIHAR
MUZAFFARPUR|BIHAR
NARKATIAGANJ|BIHAR
NAUGACHHIA|BIHAR
NAWADA|BIHAR
NOKHA|BIHAR
PATNA|BIHAR
PIRO|BIHAR
PURNIA|BIHAR
RAFIGANJ|BIHAR
RAJGIR|BIHAR
RAMNAGAR|BIHAR
RAXAUL BAZAR|BIHAR
REVELGANJ|BIHAR
ROSERA|BIHAR
SAHARSA|BIHAR
SAMASTIPUR|BIHAR
SASARAM|BIHAR
SHEIKHPURA|BIHAR
SHEOHAR|BIHAR
SHERGHATI|BIHAR
SILAO|BIHAR
SITAMARHI|BIHAR
SIWAN|BIHAR
SONEPUR|BIHAR
SUGAULI|BIHAR
SULTANGANJ|BIHAR
SUPAUL|BIHAR
WARISALIGANJ|BIHAR
CHANDIGARH|CHANDIGARH
AMBIKAPUR|CHHATTISGARH
BAIKUNTHPUR|CHHATTISGARH
BASTAR|CHHATTISGARH
BHATAPARA|CHHATTISGARH
BHILAI NAGAR|CHHATTISGARH
BIJAPUR|CHHATTISGARH
BILASPUR|CHHATTISGARH
CHIRMIRI|CHHATTISGARH
DALLI-RAJHARA|CHHATTISGARH
DANTEWADA|CHHATTISGARH
DHAMTARI|CHHATTISGARH
DURG|CHHATTISGARH
JAGDALPUR|CHHATTISGARH
JANJGIR-CHAMPA|CHHATTISGARH
JASHPUR|CHHATTISGARH
JASHPUR NAGAR|CHHATTISGARH
KANKER|CHHATTISGARH
KAWARDHA|CHHATTISGARH
KORBA|CHHATTISGARH
KORIYA|CHHATTISGARH
MAHASAMUND|CHHATTISGARH
MANENDRAGARH|CHHATTISGARH
MUNGELI|CHHATTISGARH
NAILA JANJGIR|CHHATTISGARH
NARAYANPUR|CHHATTISGARH
RAIGARH|CHHATTISGARH
RAIPUR|CHHATTISGARH
RAJNANDGAON|CHHATTISGARH
SAKTI|CHHATTISGARH
SURAJPUR|CHHATTISGARH
SURGUJA|CHHATTISGARH
TILDA NEWRA|CHHATTISGARH
DADRA AND NAGAR HAVELI|DADRA AND NAGAR HAVELI
SILVASSA|DADRA AND NAGAR HAVELI
DADRA|DADRA AND NAGAR HAVELI
DAMAN|DAMAN AND DIU
DIU|DAMAN AND DIU
DAMAN|DAMAN AND DIU
MAPUSA|GOA
MARGAO|GOA
MARMAGAO|GOA
NORTH GOA|GOA
PANAJI|GOA
SOUTH GOA|GOA
ADALAJ|GUJARAT
AHMEDABAD|GUJARAT
AMRELI|GUJARAT
ANAND|GUJARAT
ANJAR|GUJARAT
ANKLESHWAR|GUJARAT
BHARUCH|GUJARAT
BHAVNAGAR|GUJARAT
BHUJ|GUJARAT
DAHOD|GUJARAT
DEESA|GUJARAT
DHORAJI|GUJARAT
GANDHIDHAM|GUJARAT
GANDHINAGAR|GUJARAT
GODHRA|GUJARAT
HIMATNAGAR|GUJARAT
JAMNAGAR|GUJARAT
JUNAGADH|GUJARAT
KADI|GUJARAT
KAPADVANJ|GUJARAT
KESHOD|GUJARAT
KHAMBHAT|GUJARAT
KHEDA|GUJARAT
KUTCH|GUJARAT
LATHI|GUJARAT
LIMBDI|GUJARAT
LUNAWADA|GUJARAT
MAHESANA|GUJARAT
MAHUVA|GUJARAT
MANAVADAR|GUJARAT
MANDVI|GUJARAT
MANGROL|GUJARAT
MANSA|GUJARAT
MEHMEDABAD|GUJARAT
MEHSANA|GUJARAT
MODASA|GUJARAT
MORVI|GUJARAT
NADIAD|GUJARAT
NAVSARI|GUJARAT
PADRA|GUJARAT
PALANPUR|GUJARAT
PALITANA|GUJARAT
PARDI|GUJARAT
PATAN|GUJARAT
PETLAD|GUJARAT
PORBANDAR|GUJARAT
RADHANPUR|GUJARAT
RAJKOT|GUJARAT
RAJPIPLA|GUJARAT
RAJULA|GUJARAT
RANAVAV|GUJARAT
RAPAR|GUJARAT
SABARKANTHA|GUJARAT
SALAYA|GUJARAT
SANAND|GUJARAT
SAVARKUNDLA|GUJARAT
SIDHPUR|GUJARAT
SIHOR|GUJARAT
SONGADH|GUJARAT
SURAT|GUJARAT
SURENDRANAGAR|GUJARAT
TALAJA|GUJARAT
THANGADH|GUJARAT
THARAD|GUJARAT
UMBERGAON|GUJARAT
UMRETH|GUJARAT
UNA|GUJARAT
UNJHA|GUJARAT
UPLETA|GUJARAT
VADNAGAR|GUJARAT
VADODARA|GUJARAT
VALSAD|GUJARAT
VAPI|GUJARAT
VERAVAL|GUJARAT
VIJAPUR|GUJARAT
VIRAMGAM|GUJARAT
VISNAGAR|GUJARAT
VYARA|GUJARAT
WADHWAN|GUJARAT
WANKANER|GUJARAT
AMBALA|HARYANA
BAHADURGARH|HARYANA
BHIWANI|HARYANA
CHARKHI DADRI|HARYANA
FARIDABAD|HARYANA
FATEHABAD|HARYANA
GOHANA|HARYANA
GURGAON|HARYANA
HANSI|HARYANA
HISAR|HARYANA
HISSAR|HARYANA
JHAJJAR|HARYANA
JIND|HARYANA
KAITHAL|HARYANA
KARNAL|HARYANA
KURUKSHETRA|HARYANA
LADWA|HARYANA
MAHENDRAGARH|HARYANA
MANDI DABWALI|HARYANA
MEWAT|HARYANA
NARNAUL|HARYANA
NARWANA|HARYANA
NUH|HARYANA
PALWAL|HARYANA
PANCHKULA|HARYANA
PANIPAT|HARYANA
PEHOWA|HARYANA
PINJORE|HARYANA
RANIA|HARYANA
RATIA|HARYANA
REWARI|HARYANA
ROHTAK|HARYANA
SAFIDON|HARYANA
SAMALKHA|HARYANA
SARSOD|HARYANA
SHAHBAD|HARYANA
SIRSA|HARYANA
SOHNA|HARYANA
SONIPAT|HARYANA
TARAORI|HARYANA
THANESAR|HARYANA
TOHANA|HARYANA
YAMUNA NAGAR|HARYANA
YAMUNANAGAR|HARYANA
BILASPUR|HIMACHAL PRADESH
CHAMBA|HIMACHAL PRADESH
DHARAMSHALA|HIMACHAL PRADESH
HAMIRPUR|HIMACHAL PRADESH
KANGRA|HIMACHAL PRADESH
KEYLONG|HIMACHAL PRADESH
KINNAUR|HIMACHAL PRADESH
KULLU|HIMACHAL PRADESH
LAHAUL AND SPITI|HIMACHAL PRADESH
MANDI|HIMACHAL PRADESH
NAHAN|HIMACHAL PRADESH
RECKONG PEO|HIMACHAL PRADESH
SHIMLA|HIMACHAL PRADESH
SIRMAUR|HIMACHAL PRADESH
SOLAN|HIMACHAL PRADESH
SUNDARNAGAR|HIMACHAL PRADESH
UNA|HIMACHAL PRADESH
ANANTNAG|JAMMU AND KASHMIR
BADGAM|JAMMU AND KASHMIR
BANDIPORA|JAMMU AND KASHMIR
BANDIPORE|JAMMU AND KASHMIR
BARAMULA|JAMMU AND KASHMIR
BARAMULLA|JAMMU AND KASHMIR
DODA|JAMMU AND KASHMIR
GANDERBAL|JAMMU AND KASHMIR
JAMMU|JAMMU AND KASHMIR
KARGIL|JAMMU AND KASHMIR
KATHUA|JAMMU AND KASHMIR
KISHTWAR|JAMMU AND KASHMIR
KULGAM|JAMMU AND KASHMIR
KUPWARA|JAMMU AND KASHMIR
LEH|JAMMU AND KASHMIR
POONCH|JAMMU AND KASHMIR
PULWAMA|JAMMU AND KASHMIR
PUNCH|JAMMU AND KASHMIR
RAJAURI|JAMMU AND KASHMIR
RAJOURI|JAMMU AND KASHMIR
RAMBAN|JAMMU AND KASHMIR
REASI|JAMMU AND KASHMIR
SAMBA|JAMMU AND KASHMIR
SHOPIAN|JAMMU AND KASHMIR
SHUPIYAN|JAMMU AND KASHMIR
SOPORE|JAMMU AND KASHMIR
SRINAGAR|JAMMU AND KASHMIR
UDHAMPUR|JAMMU AND KASHMIR
JAMMU|JAMMU AND KASHMIR
ADITYAPUR|JHARKHAND
BOKARO|JHARKHAND
BOKARO STEEL CITY|JHARKHAND
CHAIBASA|JHARKHAND
CHATRA|JHARKHAND
CHIRKUNDA|JHARKHAND
DALTONGANJ|JHARKHAND
DEOGHAR|JHARKHAND
DHANBAD|JHARKHAND
DUMKA|JHARKHAND
EAST SINGHBHUM|JHARKHAND
GARHWA|JHARKHAND
GIRIDIH|JHARKHAND
GODDA|JHARKHAND
GUMIA|JHARKHAND
GUMLA|JHARKHAND
HAZARIBAG|JHARKHAND
JAMSHEDPUR|JHARKHAND
JAMTARA|JHARKHAND
JHUMRI TILAIYA|JHARKHAND
KHUNTI|JHARKHAND
KODERMA|JHARKHAND
LATEHAR|JHARKHAND
LOHARDAGA|JHARKHAND
MADHUPUR|JHARKHAND
MEDININAGAR (DALTONGANJ)|JHARKHAND
MIHIJAM|JHARKHAND
MUSABANI|JHARKHAND
PAKAUR|JHARKHAND
PAKUR|JHARKHAND
PALAMU|JHARKHAND
PATRATU|JHARKHAND
PHUSRO|JHARKHAND
RAMGARH|JHARKHAND
RANCHI|JHARKHAND
SAHEBGANJ|JHARKHAND
SAHIBGANJ|JHARKHAND
SAUNDA|JHARKHAND
SERAIKELA|JHARKHAND
SERAIKELA KHARSAWAN|JHARKHAND
SIMDEGA|JHARKHAND
TENU DAM-CUM-KATHHARA|JHARKHAND
WEST SINGHBHUM|JHARKHAND
ADYAR|KARNATAKA
AFZALPUR|KARNATAKA
ARSIKERE|KARNATAKA
ATHNI|KARNATAKA
BAGALKOT|KARNATAKA
BANGALORE|KARNATAKA
BELGAUM|KARNATAKA
BELLARY|KARNATAKA
BIDAR|KARNATAKA
BIJAPUR|KARNATAKA
CHIKMAGALUR|KARNATAKA
CHITRADURGA|KARNATAKA
DAVANAGERE|KARNATAKA
DAVANGERE|KARNATAKA
DHARWAD|KARNATAKA
GADAG|KARNATAKA
GOKAK|KARNATAKA
GULBARGA|KARNATAKA
HASSAN|KARNATAKA
HAVERI|KARNATAKA
HUBLI|KARNATAKA
HUBLI-DHARWAD|KARNATAKA
KARWAR|KARNATAKA
KOLAR|KARNATAKA
KOPPAL|KARNATAKA
LAKSHMESHWAR|KARNATAKA
LINGSUGUR|KARNATAKA
MADDUR|KARNATAKA
MADHUGIRI|KARNATAKA
MADIKERI|KARNATAKA
MAGADI|KARNATAKA
MAHALINGAPURA|KARNATAKA
MALAVALLI|KARNATAKA
MALUR|KARNATAKA
MANDYA|KARNATAKA
MANGALORE|KARNATAKA
MANVI|KARNATAKA
MUDABIDRI|KARNATAKA
MUDALAGI|KARNATAKA
MUDDEBIHAL|KARNATAKA
MUDHOL|KARNATAKA
MULBAGAL|KARNATAKA
MUNDARGI|KARNATAKA
MYSORE|KARNATAKA
NANJANGUD|KARNATAKA
NARGUND|KARNATAKA
NAVALGUND|KARNATAKA
NELAMANGALA|KARNATAKA
PAVAGADA|KARNATAKA
PIRIYAPATNA|KARNATAKA
PUTTUR|KARNATAKA
RAAYACHURU|KARNATAKA
RABKAVI BANHATTI|KARNATAKA
RAICHUR|KARNATAKA
RAMANAGARAM|KARNATAKA
RAMDURG|KARNATAKA
RANEBENNURU|KARNATAKA
RANIBENNUR|KARNATAKA
ROBERTSON PET|KARNATAKA
RON|KARNATAKA
SADALAGI|KARNATAKA
SAGARA|KARNATAKA
SAKALESHAPURA|KARNATAKA
SANDUR|KARNATAKA
SANKESHWARA|KARNATAKA
SAUNDATTI-YELLAMMA|KARNATAKA
SAVANUR|KARNATAKA
SEDAM|KARNATAKA
SHAHABAD|KARNATAKA
SHAHPUR|KARNATAKA
SHIGGAON|KARNATAKA
SHIKARIPUR|KARNATAKA
SHIMOGA|KARNATAKA
SHIVAMOGGA|KARNATAKA
SHRIRANGAPATTANA|KARNATAKA
SIDLAGHATTA|KARNATAKA
SINDAGI|KARNATAKA
SINDHAGI|KARNATAKA
SINDHNUR|KARNATAKA
SIRA|KARNATAKA
SIRSI|KARNATAKA
SIRUGUPPA|KARNATAKA
SRINIVASPUR|KARNATAKA
SURAPURA|KARNATAKA
TALIKOTA|KARNATAKA
TARIKERE|KARNATAKA
TEKKALAKOTE|KARNATAKA
TERDAL|KARNATAKA
TIPTUR|KARNATAKA
TUMKUR|KARNATAKA
UDUPI|KARNATAKA
VIJAYAPURA|KARNATAKA
WADI|KARNATAKA
YADGIR|KARNATAKA
ADOOR|KERALA
ALAPPUZHA|KERALA
CHALAKUDY|KERALA
CHANGANASSERY|KERALA
CHERTHALA|KERALA
CHITTUR-THATHAMANGALAM|KERALA
COCHIN|KERALA
ERNAKULAM|KERALA
GURUVAYOOR|KERALA
IDUKKI|KERALA
KAKKANAD|KERALA
KALPETTA|KERALA
KANHANGAD|KERALA
KANNUR|KERALA
KASARAGOD|KERALA
KAYAMKULAM|KERALA
KOCHI|KERALA
KODUNGALLUR|KERALA
KOLLAM|KERALA
KOTTAYAM|KERALA
KOZHIKODE|KERALA
KUNNAMKULAM|KERALA
MALAPPURAM|KERALA
MATTANNUR|KERALA
MAVELIKKARA|KERALA
MAVOOR|KERALA
MUVATTUPUZHA|KERALA
NEDUMANGAD|KERALA
NEYYATTINKARA|KERALA
NILAMBUR|KERALA
OTTAPPALAM|KERALA
PAINAVU|KERALA
PALAI|KERALA
PALAKKAD|KERALA
PANAMATTOM|KERALA
PANNIYANNUR|KERALA
PAPPINISSERI|KERALA
PARAVOOR|KERALA
PATHANAMTHITTA|KERALA
PERINGATHUR|KERALA
PERINTHALMANNA|KERALA
PERUMBAVOOR|KERALA
PONNANI|KERALA
PUNALUR|KERALA
PUTHUPPALLY|KERALA
QUILANDY|KERALA
SHORANUR|KERALA
TALIPARAMBA|KERALA
THIRUVALLA|KERALA
THIRUVANANTHAPURAM|KERALA
THODUPUZHA|KERALA
THRISSUR|KERALA
TIRUR|KERALA
VADAKARA|KERALA
VAIKOM|KERALA
VARKALA|KERALA
WAYANAD|KERALA
LAKSHADWEEP|LAKSHADWEEP
ASHOK NAGAR|MADHYA PRADESH
BALAGHAT|MADHYA PRADESH
BARWANI|MADHYA PRADESH
BETUL|MADHYA PRADESH
BHOPAL|MADHYA PRADESH
BURHANPUR|MADHYA PRADESH
CHHATARPUR|MADHYA PRADESH
CHHINDWARA|MADHYA PRADESH
DAMOH|MADHYA PRADESH
DEWAS|MADHYA PRADESH
DHAR|MADHYA PRADESH
GANJBASODA|MADHYA PRADESH
GUNA|MADHYA PRADESH
GWALIOR|MADHYA PRADESH
HARDA|MADHYA PRADESH
HOSHANGABAD|MADHYA PRADESH
INDORE|MADHYA PRADESH
ITARSI|MADHYA PRADESH
JABALPUR|MADHYA PRADESH
KATNI|MADHYA PRADESH
KHANDWA|MADHYA PRADESH
KHARGONE|MADHYA PRADESH
LAHAR|MADHYA PRADESH
MAHARAJPUR|MADHYA PRADESH
MAHIDPUR|MADHYA PRADESH
MAIHAR|MADHYA PRADESH
MALAJ KHAND|MADHYA PRADESH
MANASA|MADHYA PRADESH
MANAWAR|MADHYA PRADESH
MANDIDEEP|MADHYA PRADESH
MANDLA|MADHYA PRADESH
MANDSAUR|MADHYA PRADESH
MAUGANJ|MADHYA PRADESH
MHOW CANTONMENT|MADHYA PRADESH
MHOWGAON|MADHYA PRADESH
MORENA|MADHYA PRADESH
MULTAI|MADHYA PRADESH
MUNDI|MADHYA PRADESH
MURWARA(KATNI)|MADHYA PRADESH
NAGDA|MADHYA PRADESH
NAINPUR|MADHYA PRADESH
NARSINGHGARH|MADHYA PRADESH
NARSINGHPUR|MADHYA PRADESH
NEEMUCH|MADHYA PRADESH
NEPANAGAR|MADHYA PRADESH
NIWARI|MADHYA PRADESH
NOWGONG|MADHYA PRADESH
NOWROZABAD (KHODARGAMA)|MADHYA PRADESH
PACHORE|MADHYA PRADESH
PALI|MADHYA PRADESH
PANAGAR|MADHYA PRADESH
PANDHURNA|MADHYA PRADESH
PANNA|MADHYA PRADESH
PASAN|MADHYA PRADESH
PIPARIYA|MADHYA PRADESH
PITHAMPUR|MADHYA PRADESH
PORSA|MADHYA PRADESH
PRITHVIPUR|MADHYA PRADESH
RAGHOGARH-VIJAYPUR|MADHYA PRADESH
RAHATGARH|MADHYA PRADESH
RAISEN|MADHYA PRADESH
RAJGARH|MADHYA PRADESH
RATLAM|MADHYA PRADESH
RAU|MADHYA PRADESH
REHLI|MADHYA PRADESH
REWA|MADHYA PRADESH
SABALGARH|MADHYA PRADESH
SAGAR|MADHYA PRADESH
SANAWAD|MADHYA PRADESH
SARANGPUR|MADHYA PRADESH
SARNI|MADHYA PRADESH
SATNA|MADHYA PRADESH
SAUSAR|MADHYA PRADESH
SEHORE|MADHYA PRADESH
SENDHWA|MADHYA PRADESH
SEONI|MADHYA PRADESH
SEONI-MALWA|MADHYA PRADESH
SHAHDOL|MADHYA PRADESH
SHAJAPUR|MADHYA PRADESH
SHAMGARH|MADHYA PRADESH
SHEOPUR|MADHYA PRADESH
SHIVPURI|MADHYA PRADESH
SHUJALPUR|MADHYA PRADESH
SIDHI|MADHYA PRADESH
SIHORA|MADHYA PRADESH
SINGRAULI|MADHYA PRADESH
SIRONJ|MADHYA PRADESH
SOHAGPUR|MADHYA PRADESH
TARANA|MADHYA PRADESH
TIKAMGARH|MADHYA PRADESH
UJJAIN|MADHYA PRADESH
UMARIA|MADHYA PRADESH
VIDISHA|MADHYA PRADESH
VIJAYPUR|MADHYA PRADESH
WARA SEONI|MADHYA PRADESH
ACHALPUR|MAHARASHTRA
AHMEDNAGAR|MAHARASHTRA
AKOLA|MAHARASHTRA
AKOT|MAHARASHTRA
AMALNER|MAHARASHTRA
AMBEJOGAI|MAHARASHTRA
AMRAVATI|MAHARASHTRA
ANJANGAON|MAHARASHTRA
ARVI|MAHARASHTRA
AURANGABAD|MAHARASHTRA
BEED|MAHARASHTRA
BHANDARA|MAHARASHTRA
BHIWANDI|MAHARASHTRA
BULDHANA|MAHARASHTRA
CHANDRAPUR|MAHARASHTRA
DHULE|MAHARASHTRA
DOMBIVALI|MAHARASHTRA
GONDIA|MAHARASHTRA
GREATER MUMBAI|MAHARASHTRA
HINGOLI|MAHARASHTRA
ICHALKARANJI|MAHARASHTRA
JALGAON|MAHARASHTRA
JALNA|MAHARASHTRA
KALYAN|MAHARASHTRA
KARJAT|MAHARASHTRA
KOLHAPUR|MAHARASHTRA
LATUR|MAHARASHTRA
LOHA|MAHARASHTRA
LONAR|MAHARASHTRA
LONAVLA|MAHARASHTRA
MAHAD|MAHARASHTRA
MALEGAON|MAHARASHTRA
MALKAPUR|MAHARASHTRA
MANGALVEDHE|MAHARASHTRA
MANGRULPIR|MAHARASHTRA
MANJLEGAON|MAHARASHTRA
MANMAD|MAHARASHTRA
MANWATH|MAHARASHTRA
MEHKAR|MAHARASHTRA
MHASWAD|MAHARASHTRA
MIRA-BHAYANDAR|MAHARASHTRA
MORSHI|MAHARASHTRA
MUKHED|MAHARASHTRA
MUL|MAHARASHTRA
MUMBAI|MAHARASHTRA
MURTIJAPUR|MAHARASHTRA
NAGPUR|MAHARASHTRA
NANDED|MAHARASHTRA
NANDED-WAGHALA|MAHARASHTRA
NANDGAON|MAHARASHTRA
NANDURA|MAHARASHTRA
NANDURBAR|MAHARASHTRA
NARKHED|MAHARASHTRA
NASHIK|MAHARASHTRA
NAVI MUMBAI|MAHARASHTRA
NAWAPUR|MAHARASHTRA
NILANGA|MAHARASHTRA
OSMANABAD|MAHARASHTRA
OZAR|MAHARASHTRA
PACHORA|MAHARASHTRA
PAITHAN|MAHARASHTRA
PALGHAR|MAHARASHTRA
PANDHARKAODA|MAHARASHTRA
PANDHARPUR|MAHARASHTRA
PANVEL|MAHARASHTRA
PARBHANI|MAHARASHTRA
PARLI|MAHARASHTRA
PAROLA|MAHARASHTRA
PARTUR|MAHARASHTRA
PATHARDI|MAHARASHTRA
PATHRI|MAHARASHTRA
PATUR|MAHARASHTRA
PAUNI|MAHARASHTRA
PEN|MAHARASHTRA
PHALTAN|MAHARASHTRA
PULGAON|MAHARASHTRA
PUNE|MAHARASHTRA
PURNA|MAHARASHTRA
PUSAD|MAHARASHTRA
RAHURI|MAHARASHTRA
RAIGAD|MAHARASHTRA
RAJURA|MAHARASHTRA
RAMTEK|MAHARASHTRA
RATNAGIRI|MAHARASHTRA
RAVER|MAHARASHTRA
RISOD|MAHARASHTRA
SAILU|MAHARASHTRA
SANGAMNER|MAHARASHTRA
SANGLI|MAHARASHTRA
SANGOLE|MAHARASHTRA
SASVAD|MAHARASHTRA
SATANA|MAHARASHTRA
SATARA|MAHARASHTRA
SAVNER|MAHARASHTRA
SAWANTWADI|MAHARASHTRA
SHAHADE|MAHARASHTRA
SHEGAON|MAHARASHTRA
SHENDURJANA|MAHARASHTRA
SHIRDI|MAHARASHTRA
SHIRPUR-WARWADE|MAHARASHTRA
SHIRUR|MAHARASHTRA
SHRIGONDA|MAHARASHTRA
SHRIRAMPUR|MAHARASHTRA
SILLOD|MAHARASHTRA
SINNAR|MAHARASHTRA
SOLAPUR|MAHARASHTRA
SOYAGAON|MAHARASHTRA
TALEGAON DABHADE|MAHARASHTRA
TALODE|MAHARASHTRA
TASGAON|MAHARASHTRA
THANE|MAHARASHTRA
TIRORA|MAHARASHTRA
TULJAPUR|MAHARASHTRA
TUMSAR|MAHARASHTRA
UCHGAON|MAHARASHTRA
UDGIR|MAHARASHTRA
UMARGA|MAHARASHTRA
UMARKHED|MAHARASHTRA
UMRED|MAHARASHTRA
URAN|MAHARASHTRA
URAN ISLAMPUR|MAHARASHTRA
VADGAON KASBA|MAHARASHTRA
VAIJAPUR|MAHARASHTRA
VASAI|MAHARASHTRA
VIRAR|MAHARASHTRA
WADGAON ROAD|MAHARASHTRA
WAI|MAHARASHTRA
WANI|MAHARASHTRA
WARDHA|MAHARASHTRA
WARORA|MAHARASHTRA
WARUD|MAHARASHTRA
WASHIM|MAHARASHTRA
YAVATMAL|MAHARASHTRA
YAWAL|MAHARASHTRA
YEVLA|MAHARASHTRA
BISHNUPUR|MANIPUR
CHANDEL|MANIPUR
CHURACHANDPUR|MANIPUR
IMPHAL|MANIPUR
IMPHAL EAST|MANIPUR
IMPHAL WEST|MANIPUR
LAMPHELPAT|MANIPUR
LILONG|MANIPUR
MAYANG IMPHAL|MANIPUR
POROMPAT|MANIPUR
SENAPATI|MANIPUR
TAMENGLONG|MANIPUR
THOUBAL|MANIPUR
UKHRUL|MANIPUR
BAGHMARA|MEGHALAYA
EAST GARO HILLS|MEGHALAYA
EAST KHASI HILLS|MEGHALAYA
JAINTIA HILLS|MEGHALAYA
JOWAI|MEGHALAYA
NONGPOH|MEGHALAYA
NONGSTOIN|MEGHALAYA
RI BHOI|MEGHALAYA
SHILLONG|MEGHALAYA
SOUTH GARO HILLS|MEGHALAYA
TURA|MEGHALAYA
WEST GARO HILLS|MEGHALAYA
WEST KHASI HILLS|MEGHALAYA
WILLIAMNAGAR|MEGHALAYA
AIZAWL|MIZORAM
CHAMPHAI|MIZORAM
KOLASIB|MIZORAM
LAWNGTLAI|MIZORAM
LUNGLEI|MIZORAM
MAMIT|MIZORAM
SAIHA|MIZORAM
SERCHHIP|MIZORAM
DIMAPUR|NAGALAND
KIPHIRE|NAGALAND
KOHIMA|NAGALAND
LONGLENG|NAGALAND
MOKOKCHUNG|NAGALAND
MON|NAGALAND
PEREN|NAGALAND
PHEK|NAGALAND
TUENSANG|NAGALAND
WOKHA|NAGALAND
ZUNHEBOTO|NAGALAND
CENTRAL DELHI|NEW DELHI
CONNAUGHT PLACE|NEW DELHI
DARYAGANJ|NEW DELHI
DELHI|NEW DELHI
EAST DELHI|NEW DELHI
KANJHAWALA|NEW DELHI
NEW DELHI|NEW DELHI
NORTH DELHI|NEW DELHI
NORTH EAST DELHI|NEW DELHI
NORTH WEST DELHI|NEW DELHI
PREET VIHAR|NEW DELHI
RAJOURI GARDEN|NEW DELHI
SADAR BAZAAR|NEW DELHI
SAKET|NEW DELHI
SHAHDARA|NEW DELHI
SOUTH DELHI|NEW DELHI
SOUTH WEST DELHI|NEW DELHI
VASANT VIHAR|NEW DELHI
WEST DELHI|NEW DELHI
DELHI|NEW DELHI
ANGUL|ORISSA
BALANGIR|ORISSA
BALASORE|ORISSA
BALESHWAR TOWN|ORISSA
BARBIL|ORISSA
BARGARH|ORISSA
BARIPADA TOWN|ORISSA
BHADRAK|ORISSA
BHAWANIPATNA|ORISSA
BHUBANESWAR|ORISSA
BRAHMAPUR|ORISSA
BYASANAGAR|ORISSA
CUTTACK|ORISSA
DHENKANAL|ORISSA
JAJPUR|ORISSA
JATANI|ORISSA
JHARSUGUDA|ORISSA
KENDRAPARA|ORISSA
KENDUJHAR|ORISSA
MALKANGIRI|ORISSA
NABARANGAPUR|ORISSA
PARADIP|ORISSA
PARLAKHEMUNDI|ORISSA
PATTAMUNDAI|ORISSA
PHULABANI|ORISSA
PURI|ORISSA
RAIRANGPUR|ORISSA
RAJAGANGAPUR|ORISSA
RAURKELA|ORISSA
RAYAGADA|ORISSA
SAMBALPUR|ORISSA
SAMBALPUR TOWN|ORISSA
SORO|ORISSA
SUNABEDA|ORISSA
SUNDARGARH|ORISSA
TALCHER|ORISSA
TARBHA|ORISSA
TITLAGARH|ORISSA
KARAIKAL|PUDUCHERRY
MAHE|PUDUCHERRY
PUDUCHERRY|PUDUCHERRY
YANAM|PUDUCHERRY
AMRITSAR|PUNJAB
BARNALA|PUNJAB
BATALA|PUNJAB
BATHINDA|PUNJAB
DHURI|PUNJAB
FARIDKOT|PUNJAB
FAZILKA|PUNJAB
FIROZPUR|PUNJAB
FIROZPUR CANTT.|PUNJAB
GOBINDGARH|PUNJAB
GURDASPUR|PUNJAB
HOSHIARPUR|PUNJAB
JAGRAON|PUNJAB
JALANDHAR|PUNJAB
JALANDHAR CANTT.|PUNJAB
KAPURTHALA|PUNJAB
KHANNA|PUNJAB
KHARAR|PUNJAB
KOT KAPURA|PUNJAB
LONGOWAL|PUNJAB
LUDHIANA|PUNJAB
MALERKOTLA|PUNJAB
MALOUT|PUNJAB
MANSA|PUNJAB
MOGA|PUNJAB
MOHALI|PUNJAB
MORINDA|PUNJAB
MUKERIAN|PUNJAB
MUKTSAR|PUNJAB
NABHA|PUNJAB
NAKODAR|PUNJAB
NANGAL|PUNJAB
NAWANSHAHR|PUNJAB
PATHANKOT|PUNJAB
PATIALA|PUNJAB
PATRAN|PUNJAB
PATTI|PUNJAB
PHAGWARA|PUNJAB
PHILLAUR|PUNJAB
QADIAN|PUNJAB
RAIKOT|PUNJAB
RAJPURA|PUNJAB
RAMPURA PHUL|PUNJAB
RUPNAGAR|PUNJAB
SAMANA|PUNJAB
SANGRUR|PUNJAB
SIRHIND FATEHGARH SAHIB|PUNJAB
SUJANPUR|PUNJAB
SUNAM|PUNJAB
TALWARA|PUNJAB
TARN TARAN|PUNJAB
URMAR TANDA|PUNJAB
ZIRA|PUNJAB
ZIRAKPUR|PUNJAB
AJMER|RAJASTHAN
ALWAR|RAJASTHAN
BANSWARA|RAJASTHAN
BARAN|RAJASTHAN
BARMER|RAJASTHAN
BHARATPUR|RAJASTHAN
BHILWARA|RAJASTHAN
BIKANER|RAJASTHAN
BUNDI|RAJASTHAN
CHITTORGARH|RAJASTHAN
CHURU|RAJASTHAN
DAUSA|RAJASTHAN
DUNGARPUR|RAJASTHAN
GANGANAGAR|RAJASTHAN
HANUMANGARH|RAJASTHAN
JAIPUR|RAJASTHAN
JAISALMER|RAJASTHAN
JALORE|RAJASTHAN
JHALAWAR|RAJASTHAN
JHUNJHUNU|RAJASTHAN
JODHPUR|RAJASTHAN
KARAULI|RAJASTHAN
KOTA|RAJASTHAN
LACHHMANGARH|RAJASTHAN
LADNU|RAJASTHAN
LAKHERI|RAJASTHAN
LALSOT|RAJASTHAN
LOSAL|RAJASTHAN
MAKRANA|RAJASTHAN
MALPURA|RAJASTHAN
MANDALGARH|RAJASTHAN
MANDAWA|RAJASTHAN
MANGROL|RAJASTHAN
MERTA CITY|RAJASTHAN
MOUNT ABU|RAJASTHAN
NADBAI|RAJASTHAN
NAGAR|RAJASTHAN
NAGAUR|RAJASTHAN
NASIRABAD|RAJASTHAN
NATHDWARA|RAJASTHAN
NEEM-KA-THANA|RAJASTHAN
NIMBAHERA|RAJASTHAN
NOHAR|RAJASTHAN
NOKHA|RAJASTHAN
PALI|RAJASTHAN
PHALODI|RAJASTHAN
PHULERA|RAJASTHAN
PILANI|RAJASTHAN
PILIBANGA|RAJASTHAN
PINDWARA|RAJASTHAN
PIPAR CITY|RAJASTHAN
PRANTIJ|RAJASTHAN
PRATAPGARH|RAJASTHAN
RAISINGHNAGAR|RAJASTHAN
RAJAKHERA|RAJASTHAN
RAJALDESAR|RAJASTHAN
RAJGARH (ALWAR)|RAJASTHAN
RAJGARH (CHURU)|RAJASTHAN
RAJSAMAND|RAJASTHAN
RAMGANJ MANDI|RAJASTHAN
RAMNGARH|RAJASTHAN
RATANGARH|RAJASTHAN
RAWATBHATA|RAJASTHAN
RAWATSAR|RAJASTHAN
REENGUS|RAJASTHAN
SADRI|RAJASTHAN
SADULPUR|RAJASTHAN
SADULSHAHAR|RAJASTHAN
SAGWARA|RAJASTHAN
SAMBHAR|RAJASTHAN
SANCHORE|RAJASTHAN
SANGARIA|RAJASTHAN
SARDARSHAHAR|RAJASTHAN
SAWAI MADHOPUR|RAJASTHAN
SHAHPURA|RAJASTHAN
SHEOGANJ|RAJASTHAN
SIKAR|RAJASTHAN
SIROHI|RAJASTHAN
SOJAT|RAJASTHAN
SRI MADHOPUR|RAJASTHAN
SUJANGARH|RAJASTHAN
SUMERPUR|RAJASTHAN
SURATGARH|RAJASTHAN
TARANAGAR|RAJASTHAN
TODABHIM|RAJASTHAN
TODARAISINGH|RAJASTHAN
TONK|RAJASTHAN
UDAIPUR|RAJASTHAN
UDAIPURWATI|RAJASTHAN
VIJAINAGAR, AJMER|RAJASTHAN
EAST SIKKIM|SIKKIM
GANGTOK|SIKKIM
GEYZING|SIKKIM
MANGAN|SIKKIM
NAMCHI|SIKKIM
NORTH SIKKIM|SIKKIM
SOUTH SIKKIM|SIKKIM
WEST SIKKIM|SIKKIM
ARAKKONAM|TAMIL NADU
ARIYALUR|TAMIL NADU
ARUPPUKKOTTAI|TAMIL NADU
CHENNAI|TAMIL NADU
COIMBATORE|TAMIL NADU
CUDDALORE|TAMIL NADU
DHARMAPURI|TAMIL NADU
DINDIGUL|TAMIL NADU
ERODE|TAMIL NADU
GOBICHETTIPALAYAM|TAMIL NADU
KANCHEEPURAM|TAMIL NADU
KANCHIPURAM|TAMIL NADU
KANYAKUMARI|TAMIL NADU
KARUR|TAMIL NADU
KRISHNAGIRI|TAMIL NADU
LALGUDI|TAMIL NADU
MADURAI|TAMIL NADU
NAGAPATTINAM|TAMIL NADU
NAGERCOIL|TAMIL NADU
NAMAGIRIPETTAI|TAMIL NADU
NAMAKKAL|TAMIL NADU
NANDIVARAM-GUDUVANCHERI|TAMIL NADU
NANJIKOTTAI|TAMIL NADU
NATHAM|TAMIL NADU
NELLIKUPPAM|TAMIL NADU
NEYVELI (TS)|TAMIL NADU
NILGIRIS|TAMIL NADU
O VALLEY|TAMIL NADU
ODDANCHATRAM|TAMIL NADU
P.N.PATTI|TAMIL NADU
PACODE|TAMIL NADU
PADMANABHAPURAM|TAMIL NADU
PALANI|TAMIL NADU
PALLADAM|TAMIL NADU
PALLAPATTI|TAMIL NADU
PALLIKONDA|TAMIL NADU
PANAGUDI|TAMIL NADU
PANRUTI|TAMIL NADU
PARAMAKUDI|TAMIL NADU
PARANGIPETTAI|TAMIL NADU
PATTUKKOTTAI|TAMIL NADU
PERAMBALUR|TAMIL NADU
PERAVURANI|TAMIL NADU
PERIYAKULAM|TAMIL NADU
PERIYASEMUR|TAMIL NADU
PERNAMPATTU|TAMIL NADU
POLLACHI|TAMIL NADU
POLUR|TAMIL NADU
PONNERI|TAMIL NADU
PUDUKKOTTAI|TAMIL NADU
PUDUPATTINAM|TAMIL NADU
PULIYANKUDI|TAMIL NADU
PUNJAIPUGALUR|TAMIL NADU
RAJAPALAYAM|TAMIL NADU
RAMANATHAPURAM|TAMIL NADU
RAMESHWARAM|TAMIL NADU
RANIPET|TAMIL NADU
RASIPURAM|TAMIL NADU
SALEM|TAMIL NADU
SANKARANKOIL|TAMIL NADU
SANKARI|TAMIL NADU
SATHYAMANGALAM|TAMIL NADU
SATTUR|TAMIL NADU
SHENKOTTAI|TAMIL NADU
SHOLAVANDAN|TAMIL NADU
SHOLINGUR|TAMIL NADU
SIRKALI|TAMIL NADU
SIVAGANGA|TAMIL NADU
SIVAGIRI|TAMIL NADU
SIVAKASI|TAMIL NADU
SRIVILLIPUTHUR|TAMIL NADU
SURANDAI|TAMIL NADU
SURIYAMPALAYAM|TAMIL NADU
TENKASI|TAMIL NADU
THAMMAMPATTI|TAMIL NADU
THANJAVUR|TAMIL NADU
THARAMANGALAM|TAMIL NADU
THARANGAMBADI|TAMIL NADU
THENI|TAMIL NADU
THENI ALLINAGARAM|TAMIL NADU
THIRUMANGALAM|TAMIL NADU
THIRUPUVANAM|TAMIL NADU
THIRUTHURAIPOONDI|TAMIL NADU
THIRUVALLUR|TAMIL NADU
THIRUVARUR|TAMIL NADU
THOOTHUKUDI|TAMIL NADU
THURAIYUR|TAMIL NADU
TINDIVANAM|TAMIL NADU
TIRUCHENDUR|TAMIL NADU
TIRUCHENGODE|TAMIL NADU
TIRUCHIRAPPALLI|TAMIL NADU
TIRUKALUKUNDRAM|TAMIL NADU
TIRUKKOYILUR|TAMIL NADU
TIRUNELVELI|TAMIL NADU
TIRUPATHUR|TAMIL NADU
TIRUPPUR|TAMIL NADU
TIRUPUR|TAMIL NADU
TIRUTTANI|TAMIL NADU
TIRUVANNAMALAI|TAMIL NADU
TIRUVETHIPURAM|TAMIL NADU
TITTAKUDI|TAMIL NADU
UDHAGAMANDALAM|TAMIL NADU
UDUMALAIPETTAI|TAMIL NADU
UNNAMALAIKADAI|TAMIL NADU
USILAMPATTI|TAMIL NADU
UTHAMAPALAYAM|TAMIL NADU
UTHIRAMERUR|TAMIL NADU
VADAKKUVALLIYUR|TAMIL NADU
VADALUR|TAMIL NADU
VADIPATTI|TAMIL NADU
VALPARAI|TAMIL NADU
VANDAVASI|TAMIL NADU
VANIYAMBADI|TAMIL NADU
VEDARANYAM|TAMIL NADU
VELLAKOIL|TAMIL NADU
VELLORE|TAMIL NADU
VIKRAMASINGAPURAM|TAMIL NADU
VILUPPURAM|TAMIL NADU
VIRUDHACHALAM|TAMIL NADU
VIRUDHUNAGAR|TAMIL NADU
VISWANATHAM|TAMIL NADU
ADILABAD|TELANGANA
ADONI|TELANGANA
AMALAPURAM|TELANGANA
ANAKAPALLE|TELANGANA
ANANTAPUR|TELANGANA
BAPATLA|TELANGANA
BELLAMPALLE|TELANGANA
BHADRACHALAM|TELANGANA
BHAINSA|TELANGANA
BHEEMUNIPATNAM|TELANGANA
BHIMAVARAM|TELANGANA
BHONGIR|TELANGANA
BOBBILI|TELANGANA
BODHAN|TELANGANA
CHILAKALURIPET|TELANGANA
CHIRALA|TELANGANA
CHITTOOR|TELANGANA
DHARMAVARAM|TELANGANA
EAST GODAVARI|TELANGANA
ELURU|TELANGANA
FAROOQNAGAR|TELANGANA
GADWAL|TELANGANA
GOOTY|TELANGANA
GUDIVADA|TELANGANA
GUDUR|TELANGANA
GUNTAKAL|TELANGANA
GUNTUR|TELANGANA
HINDUPUR|TELANGANA
HYDERABAD|TELANGANA
JAGGAIAHPET|TELANGANA
JAGTIAL|TELANGANA
JAMMALAMADUGU|TELANGANA
JANGAON|TELANGANA
KADAPA|TELANGANA
KADIRI|TELANGANA
KAGAZNAGAR|TELANGANA
KAKINADA|TELANGANA
KAMAREDDY|TELANGANA
KANDUKUR|TELANGANA
KARIMNAGAR|TELANGANA
KAVALI|TELANGANA
KHAMMAM|TELANGANA
KORATLA|TELANGANA
KOTHAGUDEM|TELANGANA
KOVVUR|TELANGANA
KURNOOL|TELANGANA
KYATHAMPALLE|TELANGANA
MACHERLA|TELANGANA
MACHILIPATNAM|TELANGANA
MADANAPALLE|TELANGANA
MAHBUBNAGAR|TELANGANA
MANCHERIAL|TELANGANA
MANDAMARRI|TELANGANA
MANDAPETA|TELANGANA
MANUGURU|TELANGANA
MARKAPUR|TELANGANA
MEDAK|TELANGANA
MIRYALAGUDA|TELANGANA
NAGARI|TELANGANA
NAGARKURNOOL|TELANGANA
NALGONDA|TELANGANA
NANDYAL|TELANGANA
NARASAPURAM|TELANGANA
NARASARAOPET|TELANGANA
NARAYANPET|TELANGANA
NARSIPATNAM|TELANGANA
NELLORE|TELANGANA
NIDADAVOLE|TELANGANA
NIRMAL|TELANGANA
NIZAMABAD|TELANGANA
NUZVID|TELANGANA
ONGOLE|TELANGANA
PALACOLE|TELANGANA
PALASA KASIBUGGA|TELANGANA
PALWANCHA|TELANGANA
PARVATHIPURAM|TELANGANA
PEDANA|TELANGANA
PEDDAPURAM|TELANGANA
PITHAPURAM|TELANGANA
PONNUR|TELANGANA
PRODDATUR|TELANGANA
PUNGANUR|TELANGANA
PUTTUR|TELANGANA
RAJAHMUNDRY|TELANGANA
RAJAM|TELANGANA
RAJAMPET|TELANGANA
RAMACHANDRAPURAM|TELANGANA
RAMAGUNDAM|TELANGANA
RANGA REDDY|TELANGANA
RAYACHOTI|TELANGANA
RAYADURG|TELANGANA
RENIGUNTA|TELANGANA
REPALLE|TELANGANA
SADASIVPET|TELANGANA
SALUR|TELANGANA
SAMALKOT|TELANGANA
SANGAREDDI|TELANGANA
SANGAREDDY|TELANGANA
SATTENAPALLE|TELANGANA
SECUNDERABAD|TELANGANA
SIDDIPET|TELANGANA
SIRCILLA|TELANGANA
SRIKAKULAM|TELANGANA
SRIKALAHASTI|TELANGANA
SRISAILAM PROJECT (RIGHT FLANK COLONY) TOWNSHIP|TELANGANA
SULLURPETA|TELANGANA
SURYAPET|TELANGANA
TADEPALLIGUDEM|TELANGANA
TADPATRI|TELANGANA
TANDUR|TELANGANA
TANUKU|TELANGANA
TENALI|TELANGANA
TIRUPATI|TELANGANA
TIRUVURU|TELANGANA
TUNI|TELANGANA
URAVAKONDA|TELANGANA
VENKATAGIRI|TELANGANA
VIJAYAWADA|TELANGANA
VIKARABAD|TELANGANA
VINUKONDA|TELANGANA
VISAKHAPATNAM|TELANGANA
VISHAKHAPATNAM|TELANGANA
VIZIANAGARAM|TELANGANA
WANAPARTHY|TELANGANA
WARANGAL|TELANGANA
WEST GODAVARI|TELANGANA
YELLANDU|TELANGANA
YEMMIGANUR|TELANGANA
YERRAGUNTLA|TELANGANA
AGARTALA|TRIPURA
AMBASSA|TRIPURA
BELONIA|TRIPURA
BISHRAMGANJ|TRIPURA
DHALAI|TRIPURA
DHARMANAGAR|TRIPURA
GOMATI|TRIPURA
KAILASAHAR|TRIPURA
KAILASHAHAR|TRIPURA
KHOWAI|TRIPURA
KHOWAI[8]|TRIPURA
NORTH TRIPURA|TRIPURA
PRATAPGARH|TRIPURA
SEPAHIJALA[9]|TRIPURA
SOUTH TRIPURA|TRIPURA
UDAIPUR|TRIPURA
UDAIPUR, TRIPURA|TRIPURA
UNOKOTI[10]|TRIPURA
WEST TRIPURA|TRIPURA
ALMORA|UTTARAKHAND
BAGESHWAR|UTTARAKHAND
CHAMOLI|UTTARAKHAND
CHAMPAWAT|UTTARAKHAND
DEHRADUN|UTTARAKHAND
GOPESHWAR|UTTARAKHAND
HALDWANI-CUM-KATHGODAM|UTTARAKHAND
HARDWAR|UTTARAKHAND
HARIDWAR|UTTARAKHAND
KASHIPUR|UTTARAKHAND
MANGLAUR|UTTARAKHAND
MUSSOORIE|UTTARAKHAND
NAGLA|UTTARAKHAND
NAINITAL|UTTARAKHAND
NEW TEHRI|UTTARAKHAND
PAURI|UTTARAKHAND
PAURI GARHWAL|UTTARAKHAND
PITHORAGARH|UTTARAKHAND
RAMNAGAR|UTTARAKHAND
RISHIKESH|UTTARAKHAND
ROORKEE|UTTARAKHAND
RUDRAPRAYAG|UTTARAKHAND
RUDRAPUR|UTTARAKHAND
SITARGANJ|UTTARAKHAND
SRINAGAR GARHWAL|UTTARAKHAND
TEHRI|UTTARAKHAND
TEHRI GARHWAL|UTTARAKHAND
UDHAM SINGH NAGAR|UTTARAKHAND
UTTARKASHI|UTTARAKHAND
ACHHNERA|UTTAR PRADESH
AGRA|UTTAR PRADESH
ALIGARH|UTTAR PRADESH
ALLAHABAD|UTTAR PRADESH
AMROHA|UTTAR PRADESH
AZAMGARH|UTTAR PRADESH
BAHRAICH|UTTAR PRADESH
BALLIA|UTTAR PRADESH
BANDA|UTTAR PRADESH
BARABANKI|UTTAR PRADESH
BAREILLY|UTTAR PRADESH
BASTI|UTTAR PRADESH
BIJNOR|UTTAR PRADESH
BUDAUN|UTTAR PRADESH
BULANDSHAHR|UTTAR PRADESH
CHANDAULI|UTTAR PRADESH
CHANDAUSI|UTTAR PRADESH
DEORIA|UTTAR PRADESH
ETAH|UTTAR PRADESH
ETAWAH|UTTAR PRADESH
FAIZABAD|UTTAR PRADESH
FARRUKHABAD|UTTAR PRADESH
FATEHPUR|UTTAR PRADESH
FATEHPUR SIKRI|UTTAR PRADESH
FIROZABAD|UTTAR PRADESH
GHAZIABAD|UTTAR PRADESH
GHAZIPUR|UTTAR PRADESH
GONDA|UTTAR PRADESH
GORAKHPUR|UTTAR PRADESH
HAMIRPUR|UTTAR PRADESH
HAPUR|UTTAR PRADESH
HARDOI|UTTAR PRADESH
HATHRAS|UTTAR PRADESH
JAUNPUR|UTTAR PRADESH
JHANSI|UTTAR PRADESH
KALPI|UTTAR PRADESH
KANNAUJ|UTTAR PRADESH
KANPUR|UTTAR PRADESH
KASGANJ|UTTAR PRADESH
LAHARPUR|UTTAR PRADESH
LAKHIMPUR|UTTAR PRADESH
LAKHIMPUR KHERI|UTTAR PRADESH
LAL GOPALGANJ NINDAURA|UTTAR PRADESH
LALGANJ|UTTAR PRADESH
LALITPUR|UTTAR PRADESH
LAR|UTTAR PRADESH
LONI|UTTAR PRADESH
LUCKNOW|UTTAR PRADESH
MAHARAJGANJ|UTTAR PRADESH
MAINPURI|UTTAR PRADESH
MATHURA|UTTAR PRADESH
MEERUT|UTTAR PRADESH
MIRZAPUR|UTTAR PRADESH
MODINAGAR|UTTAR PRADESH
MORADABAD|UTTAR PRADESH
MUZAFFARNAGAR|UTTAR PRADESH
NAGINA|UTTAR PRADESH
NAJIBABAD|UTTAR PRADESH
NAKUR|UTTAR PRADESH
NANPARA|UTTAR PRADESH
NARAURA|UTTAR PRADESH
NAUGAWAN SADAT|UTTAR PRADESH
NAUTANWA|UTTAR PRADESH
NAWABGANJ|UTTAR PRADESH
NEHTAUR|UTTAR PRADESH
NIWAI|UTTAR PRADESH
NOIDA|UTTAR PRADESH
NOORPUR|UTTAR PRADESH
OBRA|UTTAR PRADESH
ORAI|UTTAR PRADESH
PADRAUNA|UTTAR PRADESH
PALIA KALAN|UTTAR PRADESH
PARASI|UTTAR PRADESH
PHULPUR|UTTAR PRADESH
PIHANI|UTTAR PRADESH
PILIBHIT|UTTAR PRADESH
PILKHUWA|UTTAR PRADESH
POWAYAN|UTTAR PRADESH
PRATAPGARH|UTTAR PRADESH
PUKHRAYAN|UTTAR PRADESH
PURANPUR|UTTAR PRADESH
PURQUAZI|UTTAR PRADESH
PURWA|UTTAR PRADESH
RAE BARELI|UTTAR PRADESH
RAEBARELI|UTTAR PRADESH
RAMPUR|UTTAR PRADESH
RAMPUR MANIHARAN|UTTAR PRADESH
RASRA|UTTAR PRADESH
RATH|UTTAR PRADESH
RENUKOOT|UTTAR PRADESH
REOTI|UTTAR PRADESH
ROBERTSGANJ|UTTAR PRADESH
RUDAULI|UTTAR PRADESH
RUDRAPUR|UTTAR PRADESH
SADABAD|UTTAR PRADESH
SAFIPUR|UTTAR PRADESH
SAHARANPUR|UTTAR PRADESH
SAHASPUR|UTTAR PRADESH
SAHASWAN|UTTAR PRADESH
SAHAWAR|UTTAR PRADESH
SAHJANWA|UTTAR PRADESH
SAIDPUR|UTTAR PRADESH
SAMBHAL|UTTAR PRADESH
SAMDHAN|UTTAR PRADESH
SAMTHAR|UTTAR PRADESH
SANDI|UTTAR PRADESH
SANDILA|UTTAR PRADESH
SARDHANA|UTTAR PRADESH
SEOHARA|UTTAR PRADESH
SHAHABAD, HARDOI|UTTAR PRADESH
SHAHABAD, RAMPUR|UTTAR PRADESH
SHAHGANJ|UTTAR PRADESH
SHAHJAHANPUR|UTTAR PRADESH
SHAMLI|UTTAR PRADESH
SHAMSABAD, AGRA|UTTAR PRADESH
SHAMSABAD, FARRUKHABAD|UTTAR PRADESH
SHERKOT|UTTAR PRADESH
SHIKARPUR, BULANDSHAHR|UTTAR PRADESH
SHIKOHABAD|UTTAR PRADESH
SHISHGARH|UTTAR PRADESH
SIANA|UTTAR PRADESH
SIKANDERPUR|UTTAR PRADESH
SIKANDRA RAO|UTTAR PRADESH
SIKANDRABAD|UTTAR PRADESH
SIRSAGANJ|UTTAR PRADESH
SIRSI|UTTAR PRADESH
SITAPUR|UTTAR PRADESH
SORON|UTTAR PRADESH
SUAR|UTTAR PRADESH
SULTANPUR|UTTAR PRADESH
SUMERPUR|UTTAR PRADESH
TANDA|UTTAR PRADESH
THAKURDWARA|UTTAR PRADESH
THANA BHAWAN|UTTAR PRADESH
TILHAR|UTTAR PRADESH
TIRWAGANJ|UTTAR PRADESH
TULSIPUR|UTTAR PRADESH
TUNDLA|UTTAR PRADESH
UJHANI|UTTAR PRADESH
UNNAO|UTTAR PRADESH
UTRAULA|UTTAR PRADESH
VARANASI|UTTAR PRADESH
VRINDAVAN|UTTAR PRADESH
WARHAPUR|UTTAR PRADESH
ZAIDPUR|UTTAR PRADESH
ZAMANIA|UTTAR PRADESH
ADRA|WEST BENGAL
ALIPURDUAR|WEST BENGAL
ARAMBAGH|WEST BENGAL
ASANSOL|WEST BENGAL
BAHARAMPUR|WEST BENGAL
BANKURA|WEST BENGAL
BIRBHUM|WEST BENGAL
DARJEELING|WEST BENGAL
DARJILING|WEST BENGAL
ENGLISH BAZAR|WEST BENGAL
HABRA|WEST BENGAL
HOOGHLY|WEST BENGAL
HOWRAH|WEST BENGAL
HUGLI-CHINSURAH|WEST BENGAL
JALPAIGURI|WEST BENGAL
JHARGRAM|WEST BENGAL
KHARAGPUR|WEST BENGAL
KOLKATA|WEST BENGAL
MAINAGURI|WEST BENGAL
MALDA|WEST BENGAL
MATHABHANGA|WEST BENGAL
MEDINIPUR|WEST BENGAL
MEMARI|WEST BENGAL
MONOHARPUR|WEST BENGAL
MURSHIDABAD|WEST BENGAL
NABADWIP|WEST BENGAL
NAIHATI|WEST BENGAL
NORTH 24 PARGANAS|WEST BENGAL
PANCHLA|WEST BENGAL
PANDUA|WEST BENGAL
PASCHIM PUNROPARA|WEST BENGAL
PURULIA|WEST BENGAL
RAGHUNATHGANJ|WEST BENGAL
RAGHUNATHPUR|WEST BENGAL
RAIGANJ|WEST BENGAL
RAMPURHAT|WEST BENGAL
RANAGHAT|WEST BENGAL
SAINTHIA|WEST BENGAL
SANTIPUR|WEST BENGAL
SILIGURI|WEST BENGAL
SONAMUKHI|WEST BENGAL
SRIRAMPORE|WEST BENGAL
SURI|WEST BENGAL
TAKI|WEST BENGAL
TAMLUK|WEST BENGAL
TARAKESWAR|WEST BENGAL
